GSM	Stem15
GSM1010938	-0.168118581175804
GSM1010940	-0.170828819274902
GSM1010942	-0.15526171028614
GSM1010944	-0.147961109876633
GSM1010946	-0.153079435229301
GSM1010948	-0.149190053343773
GSM1010950	-0.141058743000031
GSM1010952	-0.164043828845024
GSM1010956	-0.157103270292282
GSM1010958	-0.167256847023964
GSM1010960	-0.179334878921509
GSM1010964	-0.127078488469124
GSM1010966	-0.155908808112144
GSM1010968	-0.151300057768822
GSM1010970	-0.107121996581554
GSM1010972	-0.143108293414116
GSM1010974	-0.173296377062798
GSM1010976	-0.171019271016121
GSM1013119	0.300786793231964
GSM1013121	-0.151198238134384
GSM1013122	-0.163855493068695
GSM1013123	-0.0477348230779171
GSM1013124	-0.194046586751938
GSM1013125	-0.0296797435730696
GSM1013126	-0.191181182861328
GSM1013127	-0.181850075721741
GSM1013128	-0.153238981962204
GSM1013129	-0.158392533659935
GSM1013130	-0.0736478343605995
GSM1013131	-0.0275130309164524
GSM1013132	-0.182819783687592
GSM1013133	0.196211948990822
GSM1013141	-0.10982358455658
GSM1013142	-0.0419522076845169
GSM1013143	0.000496736145578325
GSM1013144	-0.20658415555954
GSM1013145	-0.100397892296314
GSM1013146	-0.0578961670398712
GSM1013147	-0.197454631328583
GSM1013148	0.00109520368278027
GSM1013149	-0.0903118476271629
GSM1013150	-0.0125943217426538
GSM1013151	-0.143391147255898
GSM1013158	-0.107840783894062
GSM1013159	-0.145904928445816
GSM1013160	0.199456065893173
GSM1013161	0.135199278593063
GSM1013162	0.188932657241821
GSM1013163	-0.0977929458022118
GSM1013164	0.559702157974243
GSM1013165	0.157110273838043
GSM1013166	0.399494886398315
GSM1013167	0.16401132941246
GSM1013168	0.265750616788864
GSM1013169	-0.0294024143368006
GSM1013170	0.109967663884163
GSM1013171	0.386553317308426
GSM1013172	0.404915183782578
GSM1013173	-0.191737160086632
GSM1013174	0.402191966772079
GSM1024605	0.215304002165794
GSM1024606	0.274777859449387
GSM1024607	0.228973835706711
GSM1024608	0.144944414496422
GSM1024609	0.367376536130905
GSM1024610	0.225768640637398
GSM1027287	0.495590537786484
GSM1027288	0.320174992084503
GSM1027289	0.575090646743774
GSM1027290	0.282189309597015
GSM1027291	0.297256320714951
GSM1027292	0.523886203765869
GSM1027293	0.101670078933239
GSM1027294	0.23979677259922
GSM1027295	0.212253555655479
GSM1027296	0.0286726467311382
GSM1027297	-0.180304199457169
GSM1027298	-0.0524450540542603
GSM1027299	0.591587066650391
GSM1027300	0.538233697414398
GSM1027301	0.616205930709839
GSM1027303	0.02461220882833
GSM1027304	0.662785708904266
GSM1027305	0.299629747867584
GSM1027306	0.0476480983197689
GSM1027307	0.125903308391571
GSM1027308	0.326999723911285
GSM1027309	0.19613841176033
GSM1027310	0.249108076095581
GSM1027311	0.393170386552811
GSM1027312	0.274738132953644
GSM1027313	0.284330576658249
GSM1027314	0.0500804781913757
GSM1027315	0.0751272737979889
GSM1027316	0.0265413783490658
GSM1027317	-0.0118152182549238
GSM1027318	0.2726871073246
GSM1027319	0.191444709897041
GSM1027320	0.169614627957344
GSM1027321	0.011870002374053
GSM1027322	0.121016845107079
GSM1027323	0.243856161832809
GSM1027324	0.149142801761627
GSM1027325	0.403653353452682
GSM1027326	0.406302928924561
GSM1027327	0.174890473484993
GSM1027328	0.160030335187912
GSM1027329	0.120528481900692
GSM1027330	0.118868470191956
GSM1027331	0.226515963673592
GSM1027332	0.0634089335799217
GSM1027333	0.134315386414528
GSM1027334	0.204418793320656
GSM1027335	0.28665554523468
GSM1027336	0.261506170034409
GSM1027337	0.0971241444349289
GSM1027338	0.208886846899986
GSM1027339	0.308024734258652
GSM1027340	0.255664616823196
GSM1027341	0.227484658360481
GSM1027342	0.04251329600811
GSM1027343	0.109656065702438
GSM1027344	0.189085125923157
GSM1027345	0.215483620762825
GSM1027346	0.0868404358625412
GSM1027347	0.162529975175858
GSM1027348	0.51992130279541
GSM1027349	0.144583716988564
GSM1027350	0.516723692417145
GSM1027351	0.52184647321701
GSM1036258	0.635472178459167
GSM1036259	0.249899327754974
GSM1036260	0.507029294967651
GSM1036372	0.123517632484436
GSM1036373	0.0395644716918468
GSM1036374	0.0818916037678719
GSM1058764	0.56126594543457
GSM1058765	0.422402650117874
GSM1058766	0.45803889632225
GSM1058767	0.450572967529297
GSM1058768	0.411329030990601
GSM1058769	0.175187304615974
GSM1058770	-0.149391978979111
GSM1058771	0.136899024248123
GSM1058772	-0.0912135243415833
GSM1058773	0.0550220645964146
GSM1058774	0.0738978534936905
GSM1058775	0.329846352338791
GSM1058776	0.306603640317917
GSM1058777	-0.0374652110040188
GSM1058778	-0.148336306214333
GSM1058779	0.574580252170563
GSM1058780	0.454488933086395
GSM1058781	0.618059813976288
GSM1058782	0.474022030830383
GSM1058783	0.584927558898926
GSM1058784	0.667840540409088
GSM1058785	0.573988616466522
GSM1058786	0.558337867259979
GSM1058787	0.601803302764893
GSM1058788	0.654922723770142
GSM1058789	0.617691695690155
GSM1059437	0.0309368297457695
GSM1059438	0.00964807439595461
GSM1059439	-0.0680617690086365
GSM1059440	0.0838124230504036
GSM1059441	0.0371903516352177
GSM1059442	-0.0334063470363617
GSM1059443	0.0365431904792786
GSM1059444	-0.0188214182853699
GSM1059445	0.0771393030881882
GSM1059446	-0.0199686121195555
GSM1059447	-0.044843640178442
GSM1059448	0.176031708717346
GSM1059449	-0.0341375283896923
GSM1059450	0.0233064573258162
GSM1059451	0.0176653508096933
GSM1059456	0.505401074886322
GSM1059457	0.516209363937378
GSM1059458	0.244494199752808
GSM1067793	-0.177980199456215
GSM1067795	-0.17959363758564
GSM1101661	-0.152127802371979
GSM1101662	-0.146843880414963
GSM1101663	-0.153388440608978
GSM1101664	-0.156906113028526
GSM1101665	-0.168717056512833
GSM1101666	-0.162717148661613
GSM1101667	-0.164766728878021
GSM1101668	-0.162966668605804
GSM1101669	-0.150244906544685
GSM1101670	-0.148463308811188
GSM1101671	-0.144713222980499
GSM1101672	-0.14399254322052
GSM1101673	-0.143214792013168
GSM1101674	-0.145173907279968
GSM1101675	-0.1424440741539
GSM1101676	-0.143845677375793
GSM1101677	-0.138873666524887
GSM1101678	-0.150543317198753
GSM1101679	-0.147989839315414
GSM1101680	-0.166818797588348
GSM1101681	-0.166943579912186
GSM1101682	-0.14860500395298
GSM1101683	-0.137804925441742
GSM1101684	-0.149679705500603
GSM1101685	-0.137870356440544
GSM1101686	-0.144680768251419
GSM1101687	-0.126156568527222
GSM1101688	-0.154287129640579
GSM1101689	-0.133313775062561
GSM1101690	-0.1269461363554
GSM1101691	-0.121115133166313
GSM1101692	-0.137159511446953
GSM1101693	-0.142337411642075
GSM1101694	-0.128925129771233
GSM1101695	-0.140057370066643
GSM1101696	-0.138821929693222
GSM1101697	-0.145211458206177
GSM1101698	-0.145316049456596
GSM1101699	-0.138341292738914
GSM1101700	-0.137679412961006
GSM1101701	-0.153639480471611
GSM1101702	-0.154073342680931
GSM1101703	-0.14779469370842
GSM1101704	-0.141320779919624
GSM1101705	-0.14786097407341
GSM1101706	-0.125034421682358
GSM1101707	-0.133060321211815
GSM1101708	-0.138770177960396
GSM1101709	-0.134419813752174
GSM1101710	-0.143467411398888
GSM1101711	-0.160509511828423
GSM1102781	0.552544832229614
GSM1102782	-0.106182463467121
GSM1102783	0.0074182846583426
GSM1102784	0.135660946369171
GSM1102785	0.211010441184044
GSM1102786	-0.197767525911331
GSM1102787	-0.144900932908058
GSM1102788	0.0187655873596668
GSM1102789	-0.12358883023262
GSM1102790	0.18874891102314
GSM1102791	0.502645075321198
GSM1102792	0.0990473628044128
GSM1102793	-0.0471879541873932
GSM1102794	0.235932618379593
GSM1102795	-0.0808351039886475
GSM1102796	0.0817492604255676
GSM1102797	0.536983489990234
GSM1102798	0.60248064994812
GSM1102799	0.566859006881714
GSM1102800	0.55698162317276
GSM1102801	0.0437621213495731
GSM1102802	0.173893943428993
GSM1102803	0.598976671695709
GSM1102804	-0.0654349699616432
GSM1102805	0.676854312419891
GSM1102806	0.678058624267578
GSM1102807	0.297274887561798
GSM1102808	0.626670122146606
GSM1102809	0.532997190952301
GSM1112774	0.527675747871399
GSM1112775	0.564547836780548
GSM1112776	0.478968322277069
GSM1112777	0.547807812690735
GSM1112778	0.170293629169464
GSM1112779	0.0463188663125038
GSM1112780	0.080595463514328
GSM1112781	0.539456725120544
GSM1112782	0.591936469078064
GSM1112783	0.434710502624512
GSM1112784	0.54595959186554
GSM1112785	0.546233117580414
GSM1112786	0.150414332747459
GSM1112787	0.0879869163036346
GSM1112788	0.401056796312332
GSM1112789	0.450680732727051
GSM1112790	0.319257885217667
GSM1112791	0.068223737180233
GSM1112792	0.127184763550758
GSM1112793	0.218829363584518
GSM1112794	0.124531820416451
GSM1112795	0.144466355443001
GSM1112796	0.249599769711494
GSM1112797	0.140034675598145
GSM1112798	0.150606215000153
GSM1112799	0.264846622943878
GSM1112800	0.386760383844376
GSM1112801	0.104938887059689
GSM1112802	0.121463946998119
GSM1112803	0.52464085817337
GSM1112804	0.549638211727142
GSM1112805	0.414727330207825
GSM1112806	0.336293667554855
GSM1112807	0.164445534348488
GSM1112808	0.242182493209839
GSM1112809	-0.00146174943074584
GSM1112810	0.170814424753189
GSM1112811	0.187583193182945
GSM1112812	0.114126779139042
GSM1112813	0.264727234840393
GSM1112814	0.302172422409058
GSM1112823	0.21464130282402
GSM1112824	0.146034851670265
GSM1112825	0.0963751450181007
GSM1112826	0.215626999735832
GSM1112827	0.0828453898429871
GSM1112828	0.227175414562225
GSM1112829	0.144891962409019
GSM1112830	0.0943299904465675
GSM1112831	0.144187390804291
GSM1112832	0.182452753186226
GSM1112833	-0.15328748524189
GSM1112834	-0.162605732679367
GSM1112835	-0.145564436912537
GSM1112836	-0.0705882385373116
GSM1112837	-0.156564265489578
GSM1112843	-0.0889201760292053
GSM1112844	-0.162273794412613
GSM1112845	-0.137968450784683
GSM1112846	-0.159359842538834
GSM1112847	-0.127756103873253
GSM1120301	-0.147802218794823
GSM1120302	-0.1549441665411
GSM1120303	-0.181824624538422
GSM1120304	-0.183247804641724
GSM1120305	-0.178323939442635
GSM1120306	-0.179718270897865
GSM1120307	-0.17879319190979
GSM1120308	-0.183016374707222
GSM1120309	-0.163154751062393
GSM1120310	-0.173013210296631
GSM1120311	-0.163112089037895
GSM1120312	-0.169480636715889
GSM1120313	-0.176316067576408
GSM1120316	-0.177431344985962
GSM1120317	-0.173794507980347
GSM1120338	-0.12646658718586
GSM1120346	0.0437923595309258
GSM1120347	0.0807327181100845
GSM1120348	0.0213236734271049
GSM1120349	-0.0572159700095654
GSM1120350	0.135885700583458
GSM1120351	0.09104835242033
GSM1120355	0.511153697967529
GSM1120356	0.532529294490814
GSM1120357	0.554410934448242
GSM1120358	0.306568741798401
GSM1120359	0.0669862926006317
GSM1120360	0.143368929624557
GSM1120361	0.291735231876373
GSM1120362	0.505401074886322
GSM1120363	0.205297827720642
GSM1120364	0.205297827720642
GSM1120365	0.0803305804729462
GSM1125768	-0.00847715698182583
GSM1125769	0.0827682539820671
GSM1125770	0.496655285358429
GSM1127060	0.0752178877592087
GSM1127061	0.103625155985355
GSM1127062	0.44324517250061
GSM1127063	0.346069306135178
GSM1127064	0.265615314245224
GSM1127065	0.134785190224648
GSM1127066	0.103867925703526
GSM1127067	0.519283294677734
GSM1127068	0.112847700715065
GSM1127069	0.131720155477524
GSM1127070	0.135729685425758
GSM1127071	0.193629026412964
GSM1127072	0.184181749820709
GSM1127073	0.0766834691166878
GSM1127074	0.375605523586273
GSM1127075	0.100440710783005
GSM1127076	0.0546480119228363
GSM1127077	0.180566191673279
GSM1127078	0.241986766457558
GSM1127079	0.346791923046112
GSM1127080	0.16534136235714
GSM1127081	0.104896239936352
GSM1127082	0.51834911108017
GSM1127083	0.128630667924881
GSM1127084	0.100868888199329
GSM1127085	0.449245721101761
GSM1127086	0.537486612796783
GSM1127087	0.375364780426025
GSM1127088	0.386392861604691
GSM1127089	-0.163434579968452
GSM1127090	0.371786653995514
GSM1127091	-0.113119207322598
GSM1127092	0.631334602832794
GSM1127093	-0.114748224616051
GSM1127094	-0.121011897921562
GSM1127095	0.0612316988408566
GSM1127096	-0.083404153585434
GSM1127097	-0.068573385477066
GSM1127098	-0.0688202753663063
GSM1127099	-0.119180850684643
GSM1127100	-0.0759939700365067
GSM1127101	-0.108063004910946
GSM1127102	-0.0476159118115902
GSM1127103	-0.133853420615196
GSM1127104	-0.0173664689064026
GSM1127105	-0.0821238085627556
GSM1127106	-0.0834391489624977
GSM1127107	-0.0996610000729561
GSM1127108	-0.0840357393026352
GSM1127109	-0.070922888815403
GSM1127110	-0.12636998295784
GSM1127111	-0.142676293849945
GSM1127112	-0.0879733860492706
GSM1127113	-0.146869882941246
GSM1127114	-0.126625239849091
GSM1127115	-0.067914105951786
GSM1127116	-0.153672590851784
GSM1127126	0.448408961296082
GSM1127127	0.44361200928688
GSM1127128	0.549054384231567
GSM1127129	0.254465758800507
GSM1127130	0.354685246944427
GSM1127131	0.113180875778198
GSM1127132	0.331595242023468
GSM1127133	0.610854148864746
GSM1127134	0.406661927700043
GSM1127135	0.458741396665573
GSM1127136	0.172171235084534
GSM1127137	0.281209051609039
GSM1127138	0.544519901275635
GSM1127139	0.487060457468033
GSM1127140	0.604604363441467
GSM1127141	0.239790305495262
GSM1127142	0.256263077259064
GSM1127143	0.217605441808701
GSM1127144	0.16623942553997
GSM1127145	0.315240234136581
GSM1127146	0.42525240778923
GSM1127147	0.20956364274025
GSM1127148	0.626606166362762
GSM1127149	0.504021406173706
GSM1127150	0.617593228816986
GSM1127151	0.517165303230286
GSM1127152	-0.0897551476955414
GSM1127153	-0.125401422381401
GSM1127154	-0.00769714545458555
GSM1127155	-0.014165636152029
GSM1127156	-0.118339940905571
GSM1127157	-0.0645420402288437
GSM1127158	-0.0274009928107262
GSM1127159	-0.149906381964684
GSM1127160	-0.151029378175735
GSM1127161	-0.122900858521461
GSM1127162	0.0212024077773094
GSM1127163	-0.0554217621684074
GSM1127164	-0.15201498568058
GSM1127165	-0.0860916972160339
GSM1127166	-0.111212097108364
GSM1127171	-0.157678797841072
GSM1127172	-0.109961174428463
GSM1127173	0.0355001389980316
GSM1127180	-0.161324068903923
GSM1127181	0.0647497624158859
GSM1127182	-0.0559062659740448
GSM1127188	-0.0148785365745425
GSM1160189	0.351154744625092
GSM1160190	0.247477471828461
GSM1160191	-0.216849744319916
GSM1160192	-0.0829371362924576
GSM1160193	-0.0761890560388565
GSM1160194	0.123057924211025
GSM1160195	0.0557303838431835
GSM1160196	-0.0402864664793015
GSM1160197	-0.202998757362366
GSM1160198	0.412960588932037
GSM1160199	0.447067767381668
GSM1160200	0.12236163765192
GSM1160201	0.435584008693695
GSM1160202	0.53759104013443
GSM1160203	0.514667451381683
GSM1160204	0.150300905108452
GSM1160205	-0.0318149402737617
GSM1160206	0.474021822214127
GSM1160207	0.605888843536377
GSM1517153	0.0419177785515785
GSM1517154	0.0729042291641235
GSM409307	0.134822353720665
GSM409308	-0.173909857869148
GSM409312	-0.064667321741581
GSM410807	0.164680436253548
GSM410808	0.205503359436989
GSM428286	-0.129874005913734
GSM428289	0.293068319559097
GSM428291	-0.0372456461191177
GSM428295	-0.0712414607405663
GSM428296	-0.00113656150642782
GSM432392	-0.271026641130447
GSM433167	-0.0147761171683669
GSM433170	0.0474874638020992
GSM433171	0.234315603971481
GSM433174	0.239960536360741
GSM433176	0.449287354946136
GSM433177	0.0792277604341507
GSM433179	0.365998834371567
GSM434762	-0.0734572187066078
GSM434776	-0.17829917371273
GSM434785	-0.0362143367528915
GSM438363	-0.132790118455887
GSM450236	-0.18298152089119
GSM450239	-0.092343881726265
GSM450266	-0.225811719894409
GSM450268	-0.109248101711273
GSM450270	-0.0240664128214121
GSM466732	0.313009977340698
GSM466734	-0.0737782120704651
GSM466737	-0.0288811139762402
GSM466739	0.0388250015676022
GSM468792	0.187344133853912
GSM468801	0.108904756605625
GSM469965	0.0156747922301292
GSM469966	-0.0247181188315153
GSM469967	-0.0796424299478531
GSM469968	-0.0574738755822182
GSM469970	-0.157900020480156
GSM469971	0.0658550634980202
GSM469973	-0.0980158150196075
GSM469974	0.235145449638367
GSM469975	-0.0282722767442465
GSM484408	-0.0941451713442802
GSM486702	0.39756166934967
GSM486704	0.0338601171970367
GSM486705	-0.071603998541832
GSM486706	0.218366518616676
GSM486707	-0.0471880249679089
GSM486708	0.197943389415741
GSM486709	-0.081640399992466
GSM486710	0.186182305216789
GSM486711	0.394239902496338
GSM486712	0.375340968370438
GSM486714	0.039061326533556
GSM493384	-0.0614554099738598
GSM493385	0.0580244287848473
GSM493386	0.19362336397171
GSM493387	0.206990748643875
GSM493615	-0.14711120724678
GSM493617	-0.227562755346298
GSM493620	-0.240276753902435
GSM493624	-0.22706450521946
GSM493626	-0.220531642436981
GSM521866	-0.0355401486158371
GSM521868	-0.0484311543405056
GSM521869	0.0288648474961519
GSM521870	0.0522346533834934
GSM521871	0.00534655898809433
GSM521873	-0.00692508462816477
GSM521874	0.0440930016338825
GSM521875	0.0247426331043243
GSM521877	0.0973295792937279
GSM521878	0.0549698956310749
GSM521879	0.0402911454439163
GSM521880	0.0852181166410446
GSM521881	0.047727607190609
GSM521883	0.0936218053102493
GSM521884	0.0628198906779289
GSM521885	-0.00394394295290112
GSM521886	0.0624169521033764
GSM521887	-0.122426107525826
GSM521889	0.0192564260214567
GSM521890	-0.0992843881249428
GSM521892	-0.107652202248573
GSM521893	-0.0423855856060982
GSM521894	0.0455817468464375
GSM521895	-0.0145105924457312
GSM521897	-0.0157903581857681
GSM521898	-0.121637716889381
GSM521899	-0.0547863692045212
GSM521900	0.0784986019134521
GSM521901	-0.0759480595588684
GSM521902	0.108762793242931
GSM521903	0.0763991251587868
GSM521904	0.0328647010028362
GSM521906	0.0761339664459229
GSM521907	-0.0556823946535587
GSM521908	0.00108652259223163
GSM521909	-0.0435198433697224
GSM521911	-0.0586909838020802
GSM521912	-0.0759363397955894
GSM521913	0.307059913873672
GSM521914	0.0979722365736961
GSM521915	0.0916797295212746
GSM521917	-0.150175765156746
GSM521918	0.0385729148983955
GSM521919	-0.00281711993739009
GSM521921	0.0303820185363293
GSM521922	0.000405326834879816
GSM521923	0.0759843587875366
GSM521924	0.0349751934409142
GSM521925	-0.0449285469949245
GSM521926	0.00629022065550089
GSM521927	-0.127890467643738
GSM521928	0.222238570451736
GSM521929	0.239776253700256
GSM521930	0.0650613680481911
GSM521931	0.225299179553986
GSM521932	-0.0246382057666779
GSM521933	0.324767261743546
GSM530651	0.170827984809875
GSM530652	0.0181307476013899
GSM530653	0.174608454108238
GSM530654	0.0568073764443398
GSM530655	0.0742483735084534
GSM530656	0.116194844245911
GSM530657	0.0126093570142984
GSM530658	0.00371179496869445
GSM530659	0.00858718995004892
GSM530660	0.087404690682888
GSM530661	0.147903636097908
GSM530662	0.0433836989104748
GSM530663	0.223752245306969
GSM530664	0.213469162583351
GSM530665	0.152191698551178
GSM530666	0.14175483584404
GSM537612	-0.155196815729141
GSM537613	-0.0838643312454224
GSM537615	-0.108772732317448
GSM537619	0.16693340241909
GSM537620	0.217106357216835
GSM537621	-0.133136555552483
GSM537622	-0.0687206014990807
GSM537623	0.332759439945221
GSM537624	0.427619010210037
GSM537625	0.475070536136627
GSM537626	0.309963762760162
GSM537627	0.196758598089218
GSM537628	0.133427038788795
GSM537629	0.0432597622275352
GSM537630	-0.0862086564302444
GSM537631	0.124459356069565
GSM537632	0.406129568815231
GSM537633	0.450627148151398
GSM537634	0.210590928792953
GSM537635	0.377065569162369
GSM537636	0.289625614881516
GSM537637	0.416966795921326
GSM537638	0.0485403090715408
GSM537639	0.533429682254791
GSM537640	0.456751465797424
GSM537641	0.111135616898537
GSM537642	0.384847193956375
GSM537643	0.421450197696686
GSM537645	0.402606308460236
GSM537646	0.0180588643997908
GSM537647	0.39354807138443
GSM537648	-0.0399999544024467
GSM537649	0.0994082391262054
GSM537650	-0.00749017437919974
GSM537651	-0.054877869784832
GSM537652	-0.0747286677360535
GSM537653	0.295065671205521
GSM537654	0.113783419132233
GSM537655	-0.0358668528497219
GSM537656	0.0913901850581169
GSM537657	0.0369681939482689
GSM537658	0.156967446208
GSM537659	0.101193815469742
GSM537660	-0.00946473889052868
GSM537661	0.0221845842897892
GSM537662	0.367139935493469
GSM537663	0.196720391511917
GSM537664	0.518080055713654
GSM537665	0.383482694625854
GSM537666	-0.10371895134449
GSM537668	0.0804150104522705
GSM537669	0.161749824881554
GSM537670	0.0353004038333893
GSM537671	0.0965945571660995
GSM537672	0.141952708363533
GSM537674	-0.137790828943253
GSM537675	-0.0964222773909569
GSM537676	-0.147780045866966
GSM537677	-0.0128299444913864
GSM537678	-0.16328527033329
GSM537679	0.28126260638237
GSM537680	0.52083033323288
GSM537681	0.39144492149353
GSM537682	0.640727639198303
GSM537683	0.0884365662932396
GSM537684	0.189490124583244
GSM537685	0.223553344607353
GSM537686	0.56212455034256
GSM537687	0.302843421697617
GSM537688	0.355540186166763
GSM537689	0.404111593961716
GSM537690	0.143558144569397
GSM537691	0.365902334451675
GSM537692	0.381843358278275
GSM537693	0.578179359436035
GSM537694	0.410887777805328
GSM537695	0.412755608558655
GSM537696	0.567291915416718
GSM537697	0.466961413621902
GSM537698	0.366474509239197
GSM537699	0.203155115246773
GSM537700	-0.0683593153953552
GSM537701	0.486226171255112
GSM537702	-0.147154286503792
GSM537703	-0.0803515464067459
GSM537704	0.28663569688797
GSM537705	0.404879122972488
GSM537706	0.154319316148758
GSM537707	0.461435765028
GSM537708	0.187203079462051
GSM537709	0.363427728414536
GSM537710	0.498732179403305
GSM543004	0.00777796050533652
GSM543005	-0.163796082139015
GSM543007	-0.220714032649994
GSM543009	-0.231000155210495
GSM543011	-0.240319415926933
GSM543013	-0.242744967341423
GSM543017	-0.103643573820591
GSM543019	-0.135734334588051
GSM543021	-0.145814165472984
GSM543023	-0.0391230918467045
GSM543025	-0.0192735139280558
GSM543027	-0.059312928467989
GSM543029	-0.111756876111031
GSM543031	-0.105672486126423
GSM543034	-0.0515996217727661
GSM543035	-0.0869793072342873
GSM595913	0.260094106197357
GSM595914	0.120670199394226
GSM595915	0.152908354997635
GSM595916	0.339193254709244
GSM595917	0.270601719617844
GSM595918	0.232400491833687
GSM595919	0.0835072621703148
GSM595920	0.25126439332962
GSM595921	0.190173521637917
GSM595922	0.365645945072174
GSM595923	0.251261383295059
GSM595924	0.0628658831119537
GSM595925	0.211036264896393
GSM595926	0.223951101303101
GSM595927	0.0959326773881912
GSM595928	0.208943232893944
GSM595929	0.16958224773407
GSM595930	0.235353603959084
GSM602257	0.113443687558174
GSM602258	0.249915257096291
GSM602259	0.26202854514122
GSM602260	0.0331192463636398
GSM602261	-0.0709955096244812
GSM605295	0.218551144003868
GSM605296	0.219544917345047
GSM605297	0.150420889258385
GSM605298	0.281655132770538
GSM605299	0.223802030086517
GSM605300	0.275600165128708
GSM605301	0.300189703702927
GSM605302	0.0181947555392981
GSM605303	0.228600397706032
GSM605304	0.178158551454544
GSM605305	0.365055739879608
GSM605306	0.204342797398567
GSM605307	0.236057087779045
GSM605308	-0.0789063721895218
GSM605309	-0.00553921703249216
GSM605310	-0.0179566480219364
GSM605311	0.176890283823013
GSM605312	0.154946371912956
GSM605314	0.0940046235918999
GSM605315	-0.0441973693668842
GSM605316	-0.128410160541534
GSM605317	0.356507629156113
GSM605318	-0.0440803840756416
GSM605319	0.026883952319622
GSM605320	0.156923308968544
GSM605321	0.247094482183456
GSM605322	0.16349957883358
GSM605323	0.15245147049427
GSM605324	0.181608945131302
GSM605325	0.419907659292221
GSM605327	-0.0986023470759392
GSM605328	-0.117019198834896
GSM605329	0.116987556219101
GSM605330	0.513981819152832
GSM605332	0.163944259285927
GSM605333	0.60629677772522
GSM605334	0.334751725196838
GSM605335	0.646485686302185
GSM605336	0.555710434913635
GSM605337	0.651968121528625
GSM605338	0.133233934640884
GSM605339	0.670943558216095
GSM613811	0.626369774341583
GSM613812	0.657828569412231
GSM613813	0.436951100826263
GSM613814	0.183774292469025
GSM613815	0.259027481079102
GSM613816	0.629642248153687
GSM613818	-0.154333755373955
GSM613821	-0.215662509202957
GSM613826	-0.217947110533714
GSM613829	-0.212380558252335
GSM613833	-0.218105047941208
GSM613834	-0.213993772864342
GSM613837	-0.209558695554733
GSM613842	-0.21113221347332
GSM613843	0.0910305976867676
GSM613846	0.069850467145443
GSM613847	0.0398784354329109
GSM613853	0.0438955016434193
GSM613856	0.105191819369793
GSM613857	0.201282024383545
GSM613859	0.205425634980202
GSM613862	0.0608230754733086
GSM613864	0.165518015623093
GSM613867	-0.118244878947735
GSM613868	0.220858126878738
GSM613869	0.366939932107925
GSM613870	0.100217461585999
GSM613871	0.373234540224075
GSM613872	0.271201759576797
GSM613873	-0.00186830246821046
GSM613874	0.165197566151619
GSM613875	0.414106845855713
GSM613876	0.0833719968795776
GSM613877	-0.091493047773838
GSM613878	0.554876148700714
GSM613879	0.0502751693129539
GSM613880	-0.116019487380981
GSM613881	0.495971649885178
GSM613882	0.239474922418594
GSM613883	-0.012817588634789
GSM613884	-0.0212775319814682
GSM613885	0.0522402673959732
GSM613886	0.258499026298523
GSM613887	0.100389003753662
GSM613888	-0.0628168433904648
GSM613889	0.14558444917202
GSM613890	0.601637661457062
GSM613891	0.485895663499832
GSM613892	0.393550425767899
GSM613893	0.266870468854904
GSM613894	0.280585259199142
GSM613896	0.363517820835114
GSM613897	0.551414370536804
GSM613898	-0.177407145500183
GSM613901	-0.216843217611313
GSM613903	-0.212057456374168
GSM613905	-0.208677157759666
GSM613907	-0.220848798751831
GSM613908	-0.214960739016533
GSM613911	-0.0326336212456226
GSM613913	-0.0242499243468046
GSM613914	-0.0081341452896595
GSM613917	-0.0291990377008915
GSM613919	-0.220254957675934
GSM613920	-0.228620797395706
GSM613923	-0.226706460118294
GSM616127	-0.091901607811451
GSM616128	-0.109883487224579
GSM616129	0.0407252795994282
GSM621386	0.574357450008392
GSM621387	0.405876636505127
GSM621388	0.556611299514771
GSM621389	0.533016860485077
GSM621390	0.44207689166069
GSM621391	0.567762613296509
GSM621392	0.494474649429321
GSM621393	0.504998445510864
GSM621395	0.642110645771027
GSM621396	0.654681384563446
GSM621397	0.618610918521881
GSM621398	0.631174623966217
GSM621399	0.560628533363342
GSM621400	0.477401286363602
GSM621401	0.616306662559509
GSM621402	0.0949574336409569
GSM621403	0.428754478693008
GSM621404	-0.0577121153473854
GSM621405	0.586222589015961
GSM621406	0.651535272598267
GSM621407	0.62125438451767
GSM621409	0.516551613807678
GSM621410	0.583389103412628
GSM621411	0.0230413973331451
GSM621412	0.659861505031586
GSM621413	0.646001398563385
GSM621414	0.599777281284332
GSM621415	0.507226169109344
GSM621416	0.279554545879364
GSM621417	0.530359089374542
GSM621418	0.0383429601788521
GSM621419	0.109938710927963
GSM621420	0.328563243150711
GSM621421	0.335098087787628
GSM621422	0.373333722352982
GSM621423	0.560839891433716
GSM621424	0.493226498365402
GSM621425	0.465182214975357
GSM621426	0.519789814949036
GSM621427	0.614238917827606
GSM621428	0.527048349380493
GSM621429	0.484380334615707
GSM621430	0.588062644004822
GSM621431	-0.0330768302083015
GSM621432	0.56173712015152
GSM621433	0.312822312116623
GSM621434	0.646766304969788
GSM621435	0.495884627103806
GSM621436	0.185018807649612
GSM621437	0.553606927394867
GSM621438	0.526723861694336
GSM621439	-0.00173971464391798
GSM621441	0.592099249362946
GSM621442	0.317880243062973
GSM621443	0.585909783840179
GSM621444	0.626494824886322
GSM621445	0.498294174671173
GSM621446	0.345952033996582
GSM621447	0.305321276187897
GSM621448	0.24209076166153
GSM621449	0.072431243956089
GSM621450	0.49004402756691
GSM621451	0.00997728202491999
GSM621453	0.689121544361115
GSM621454	0.277169406414032
GSM621455	0.653447508811951
GSM621456	0.642215549945831
GSM621457	0.61835128068924
GSM621458	0.49083799123764
GSM621459	0.471847891807556
GSM621460	0.453789412975311
GSM621461	0.202764302492142
GSM621629	0.470776557922363
GSM621630	0.45708242058754
GSM621631	0.53939950466156
GSM621632	0.58484548330307
GSM621633	0.589652478694916
GSM621634	0.431834518909454
GSM621635	0.308422237634659
GSM621636	0.467589139938354
GSM621637	0.528603374958038
GSM621638	0.5811727643013
GSM621639	0.374019950628281
GSM621640	0.0629745572805405
GSM621641	0.63365912437439
GSM621642	0.149722710251808
GSM621643	0.505614042282104
GSM621644	0.188539013266563
GSM621645	0.245823904871941
GSM621646	0.316728085279465
GSM621647	0.610298037528992
GSM621648	0.581698775291443
GSM621649	0.228047981858253
GSM621650	0.356843531131744
GSM621651	0.660322546958923
GSM621652	0.624896943569183
GSM621653	0.284906357526779
GSM621654	0.0534793846309185
GSM621655	0.228233486413956
GSM621656	0.255380243062973
GSM621657	0.513904511928558
GSM621658	0.462330728769302
GSM621659	0.288189351558685
GSM621660	0.46655610203743
GSM621661	0.327350854873657
GSM621662	0.316256314516068
GSM621663	0.354092329740524
GSM621664	0.227503463625908
GSM621665	0.273687392473221
GSM621666	0.273197531700134
GSM621667	0.138034969568253
GSM621668	0.375262707471848
GSM621669	0.570388436317444
GSM621670	0.0527116172015667
GSM621671	0.00158427422866225
GSM621672	0.0571169927716255
GSM621673	0.068209782242775
GSM621674	0.096220888197422
GSM621675	0.517760097980499
GSM621676	0.407705903053284
GSM621677	0.532723128795624
GSM621678	0.612773895263672
GSM621679	0.166258469223976
GSM621680	0.613874912261963
GSM621681	0.589816689491272
GSM621682	0.223917946219444
GSM621683	0.392029106616974
GSM621684	0.375138580799103
GSM621685	0.459752827882767
GSM621686	0.135941997170448
GSM621687	0.354611426591873
GSM621688	0.230291798710823
GSM621689	0.573055267333984
GSM621690	0.633604109287262
GSM621691	0.143812254071236
GSM621692	0.380116194486618
GSM621693	0.35956197977066
GSM621694	0.491673737764359
GSM621737	0.499450832605362
GSM621738	0.223600313067436
GSM621739	0.327622979879379
GSM621740	0.267916262149811
GSM621741	0.228194653987885
GSM621742	0.258620202541351
GSM621743	0.58053183555603
GSM621744	0.563326776027679
GSM621745	0.488692283630371
GSM621746	0.553726732730865
GSM621747	0.558407962322235
GSM621748	0.174955427646637
GSM621749	0.356880187988281
GSM621750	0.305825501680374
GSM621751	0.324016571044922
GSM621752	0.149325713515282
GSM621753	0.484040766954422
GSM621754	0.341508895158768
GSM621755	0.230667188763618
GSM621756	0.515311419963837
GSM621757	0.179622501134872
GSM621758	0.189763426780701
GSM621759	0.180112704634666
GSM621760	0.524392604827881
GSM663427	0.125415802001953
GSM665037	0.0508518144488335
GSM665800	0.0193429738283157
GSM665801	-0.0172718986868858
GSM665802	0.0780239775776863
GSM665803	0.174868702888489
GSM665804	0.396921992301941
GSM665805	0.302236288785934
GSM665806	0.324780613183975
GSM665807	0.161737442016602
GSM665808	0.199816763401031
GSM665810	0.184354871511459
GSM665811	-0.0176546592265368
GSM665812	0.157519727945328
GSM665813	0.082806408405304
GSM665814	0.13136100769043
GSM665815	0.105931051075459
GSM665816	0.188174188137054
GSM665817	0.135116040706635
GSM665818	0.0535163208842278
GSM665819	0.466480165719986
GSM665820	0.146392703056335
GSM665821	0.212873756885529
GSM665822	0.330724507570267
GSM665823	0.235669925808907
GSM665824	0.287109166383743
GSM665825	0.170894235372543
GSM665826	0.166310578584671
GSM665827	0.229243889451027
GSM665828	0.236144825816154
GSM665829	0.231303691864014
GSM665830	0.0699115619063377
GSM665831	0.152531862258911
GSM665832	0.232653737068176
GSM665833	0.0850242376327515
GSM665834	-0.0743317827582359
GSM665835	0.240693420171738
GSM665836	-0.0150912627577782
GSM665837	0.0255785956978798
GSM665838	-0.0842005610466003
GSM665839	-0.00691466359421611
GSM667608	0.308212727308273
GSM667609	0.292394399642944
GSM667610	0.166764706373215
GSM667611	0.190403923392296
GSM667612	0.209150925278664
GSM667613	0.280006408691406
GSM667614	0.22290201485157
GSM667615	0.105605557560921
GSM667616	0.00958544947206974
GSM667617	0.198722645640373
GSM667618	0.126833766698837
GSM667619	0.261437177658081
GSM667620	0.0428344197571278
GSM667621	-0.0858428850769997
GSM667622	-0.0395254418253899
GSM667623	-0.120130725204945
GSM667624	0.269425690174103
GSM667625	0.140359029173851
GSM667626	0.0655647814273834
GSM667627	0.27959617972374
GSM667628	0.140303209424019
GSM667629	0.0226683411747217
GSM667630	0.145798891782761
GSM667631	-0.144812867045403
GSM667632	-0.0325094908475876
GSM667633	-0.0216970089823008
GSM667634	-0.124787472188473
GSM667635	0.109004162251949
GSM667636	0.12196184694767
GSM667637	0.0714286863803864
GSM667638	0.0522027090191841
GSM667639	-0.0209406539797783
GSM667640	0.0341016314923763
GSM667641	0.618689715862274
GSM667642	0.168200448155403
GSM667643	0.422041535377502
GSM669582	-0.146231845021248
GSM669584	-0.144172549247742
GSM669585	-0.130915001034737
GSM669586	-0.145943135023117
GSM669587	-0.133983463048935
GSM669588	-0.152608543634415
GSM669589	-0.220967024564743
GSM669590	-0.182699829339981
GSM669591	-0.200470000505447
GSM669592	0.303256273269653
GSM669593	0.523840725421906
GSM669594	0.326392143964767
GSM669595	-0.0663368031382561
GSM669596	0.375951200723648
GSM669597	0.131962314248085
GSM669599	-0.21519161760807
GSM669600	-0.228958681225777
GSM669601	-0.233248919248581
GSM669602	-0.231434553861618
GSM669603	-0.230108350515366
GSM669604	-0.231597706675529
GSM669605	-0.233047008514404
GSM669606	0.203230813145638
GSM669607	0.21939717233181
GSM669608	0.232234194874763
GSM669609	0.265151590108871
GSM669610	0.14155837893486
GSM669611	0.123008079826832
GSM669612	0.0570385716855526
GSM669613	0.0723110735416412
GSM669614	0.0998048335313797
GSM669615	0.0670267045497894
GSM669616	-0.151369407773018
GSM669617	-0.140993610024452
GSM669618	-0.136267155408859
GSM669619	-0.136861249804497
GSM669620	-0.146786898374557
GSM669621	-0.13179038465023
GSM669622	-0.134601086378098
GSM669623	0.359082907438278
GSM669624	0.377021551132202
GSM669625	0.608067572116852
GSM669885	0.330766171216965
GSM669886	0.075309656560421
GSM669887	0.187975436449051
GSM669888	0.546431064605713
GSM669889	-0.0295128244906664
GSM669890	0.0836251154541969
GSM669891	0.152704745531082
GSM669892	0.195131734013557
GSM669893	0.12206070125103
GSM669894	0.387079864740372
GSM669895	0.512404799461365
GSM669896	0.35401651263237
GSM669897	0.030896944925189
GSM669898	0.103069007396698
GSM669904	0.310409277677536
GSM669905	0.501025497913361
GSM669906	0.295768529176712
GSM669907	0.233166992664337
GSM669908	0.196671396493912
GSM669909	0.256381034851074
GSM669910	0.527761578559875
GSM669911	0.259730875492096
GSM669912	0.359124511480331
GSM669913	0.438674926757812
GSM669914	0.172480240464211
GSM669915	0.552980601787567
GSM669916	0.249323278665543
GSM669917	0.180678650736809
GSM669918	0.302833437919617
GSM669919	0.583905756473541
GSM669920	0.345957010984421
GSM669921	0.500596761703491
GSM669922	0.275165021419525
GSM669923	0.570396244525909
GSM669924	0.547597289085388
GSM669925	0.371932536363602
GSM669926	0.423377811908722
GSM669927	0.233520090579987
GSM669928	0.261931240558624
GSM669929	0.586971759796143
GSM669930	0.403875350952148
GSM669931	0.010637397877872
GSM669932	0.244432404637337
GSM669933	0.459139406681061
GSM669934	0.588259220123291
GSM669935	0.278172731399536
GSM669936	-0.00632955087348819
GSM669937	0.416566848754883
GSM669938	0.224091544747353
GSM669939	0.520755171775818
GSM669940	0.527853965759277
GSM669941	0.459712743759155
GSM669942	0.264886975288391
GSM669943	0.456689655780792
GSM669944	0.317002594470978
GSM669945	0.412563741207123
GSM669946	0.58499950170517
GSM669947	0.480986475944519
GSM669948	0.64797580242157
GSM669949	0.513156533241272
GSM669950	0.372678637504578
GSM669951	0.444293588399887
GSM669952	0.243224009871483
GSM669953	0.543213844299316
GSM669954	0.343543231487274
GSM669955	0.151763930916786
GSM669956	0.587569534778595
GSM669957	0.471050679683685
GSM669958	0.608439087867737
GSM669959	0.271167576313019
GSM669960	0.608789086341858
GSM669961	0.493853002786636
GSM669962	0.319636225700378
GSM669963	0.362963378429413
GSM669964	0.499525129795074
GSM669965	0.543544113636017
GSM669966	0.380424559116364
GSM669967	0.0259526260197163
GSM669968	0.49554854631424
GSM669969	0.32685860991478
GSM669970	0.466767370700836
GSM669971	0.581395268440247
GSM669972	0.281582772731781
GSM669973	0.586254715919495
GSM669974	0.0151504296809435
GSM669975	0.0743258818984032
GSM669976	0.477032721042633
GSM669977	0.410604685544968
GSM669978	0.596529901027679
GSM669979	0.248908340930939
GSM669980	0.569132804870605
GSM669981	0.498520284891129
GSM669982	0.431737571954727
GSM669983	0.395637661218643
GSM669984	0.54917848110199
GSM669985	0.398463636636734
GSM669986	0.511988997459412
GSM669987	0.541138589382172
GSM669988	0.246054485440254
GSM669989	0.594631671905518
GSM669990	0.162338212132454
GSM669991	0.449227213859558
GSM669992	0.488079100847244
GSM669993	0.569763362407684
GSM669994	0.600877821445465
GSM669995	0.34866389632225
GSM669996	0.414304435253143
GSM669997	-0.012536371126771
GSM669998	0.42795205116272
GSM669999	0.445086985826492
GSM670000	0.109294146299362
GSM670001	0.541378378868103
GSM670002	0.359880447387695
GSM670003	0.606527030467987
GSM670004	0.360487848520279
GSM670005	0.519539594650269
GSM670006	0.576238572597504
GSM670007	0.418247669935226
GSM670008	0.505004703998566
GSM670009	0.359555929899216
GSM670010	0.560057461261749
GSM670011	0.333857089281082
GSM670012	0.051702156662941
GSM670013	0.394667416810989
GSM670014	0.55747789144516
GSM670015	0.433963924646378
GSM670016	0.515902400016785
GSM670017	0.341283082962036
GSM670018	0.610304534435272
GSM670019	0.612174928188324
GSM670020	0.3770532310009
GSM670021	0.383315950632095
GSM670022	0.47425439953804
GSM670023	0.519954919815063
GSM670024	0.0785230100154877
GSM670025	0.377967357635498
GSM670026	0.455331921577454
GSM670027	0.221054300665855
GSM670028	0.605377435684204
GSM670029	0.536551296710968
GSM670030	0.257109224796295
GSM670031	0.521681785583496
GSM670032	0.31808739900589
GSM670033	0.399234056472778
GSM670034	0.414156287908554
GSM670035	0.347813308238983
GSM670036	0.334099501371384
GSM670037	0.308034032583237
GSM670038	0.538923919200897
GSM670039	0.221262753009796
GSM670040	0.478296220302582
GSM670041	0.261030524969101
GSM670042	0.594613254070282
GSM670043	0.501193463802338
GSM670044	0.577660202980042
GSM670045	0.165980517864227
GSM693275	0.402287155389786
GSM693276	0.17755663394928
GSM693277	-0.0453174859285355
GSM693278	0.139972716569901
GSM701487	0.050695862621069
GSM701488	0.0773574337363243
GSM701489	0.0337035693228245
GSM701490	0.217109009623528
GSM701491	0.0900012999773026
GSM701492	-0.0131941447034478
GSM701493	0.000798887864220887
GSM701494	0.149971172213554
GSM701495	0.161690920591354
GSM701496	0.193240314722061
GSM701497	0.211918234825134
GSM701498	0.0538726858794689
GSM701499	0.056051179766655
GSM701500	0.263117551803589
GSM701501	0.0381704606115818
GSM701502	0.0132051398977637
GSM701503	0.0148928789421916
GSM701504	-0.0752700045704842
GSM701505	0.298487722873688
GSM701506	0.281776309013367
GSM701507	0.0474716015160084
GSM701508	0.166487962007523
GSM701509	0.167112737894058
GSM701510	0.116275630891323
GSM701511	-0.0146256126463413
GSM701512	0.129239648580551
GSM701513	0.186460867524147
GSM701514	0.121831342577934
GSM701515	0.326341658830643
GSM701516	-0.00517762638628483
GSM701517	0.263335049152374
GSM701518	0.115690253674984
GSM701519	0.102777294814587
GSM701520	0.105887807905674
GSM701521	0.122828386723995
GSM701522	0.121815472841263
GSM701523	0.15086355805397
GSM701524	0.0782561078667641
GSM701525	0.0528774298727512
GSM701526	-0.0493999198079109
GSM701527	0.0714292749762535
GSM701528	0.269275218248367
GSM701529	0.182768672704697
GSM701530	0.18482218682766
GSM701531	0.184662729501724
GSM701532	0.10561004281044
GSM701533	0.00432588206604123
GSM701534	0.162166893482208
GSM701535	0.0621045343577862
GSM701536	0.0128138354048133
GSM701537	0.158125072717667
GSM701538	0.028450271114707
GSM701539	-0.105897314846516
GSM701540	-0.0874763354659081
GSM701541	0.0912757813930511
GSM706046	-0.046454232186079
GSM706047	-0.0829687714576721
GSM706048	-0.0871720463037491
GSM706049	-0.0949617177248001
GSM706050	-0.0809129104018211
GSM706051	-0.0813547000288963
GSM706052	-0.0656715631484985
GSM706062	0.17369619011879
GSM706063	0.145718678832054
GSM706064	0.156848281621933
GSM706065	0.100852183997631
GSM706066	0.231318756937981
GSM706067	0.354385673999786
GSM706068	0.134274378418922
GSM706070	0.210383787751198
GSM706071	0.241770103573799
GSM706072	0.0131610268726945
GSM706073	0.233781412243843
GSM706074	0.112248159945011
GSM706075	0.0792262628674507
GSM706076	-0.0736567452549934
GSM706077	-0.0548085607588291
GSM706078	0.23750601708889
GSM706079	0.166763737797737
GSM706080	0.162131801247597
GSM706081	0.57257753610611
GSM706082	0.631211459636688
GSM706083	0.0490840040147305
GSM706843	0.0145145542919636
GSM706844	0.0943607985973358
GSM706845	0.0975016728043556
GSM706846	0.584094226360321
GSM706847	0.578185200691223
GSM706848	0.234030514955521
GSM706849	0.145141124725342
GSM706850	0.208518922328949
GSM706851	0.595359444618225
GSM706852	0.287541180849075
GSM706853	0.218882277607918
GSM706854	0.271198183298111
GSM706855	0.523302733898163
GSM706856	0.54954069852829
GSM706999	0.396645247936249
GSM707000	0.565258741378784
GSM707001	-0.0167107563465834
GSM707002	0.161613985896111
GSM707003	0.38782125711441
GSM707004	0.243355944752693
GSM707005	0.339666843414307
GSM707006	0.419677197933197
GSM707007	0.356839746236801
GSM707008	0.415273010730743
GSM707009	0.00409346213564277
GSM707010	0.448391497135162
GSM707011	0.492321699857712
GSM707012	0.384154111146927
GSM707013	0.65207713842392
GSM707014	0.635504901409149
GSM707015	-0.222414240241051
GSM707016	-0.214642852544785
GSM707017	-0.215488135814667
GSM707018	-0.221311822533607
GSM707019	0.0921604633331299
GSM707020	-0.0568018816411495
GSM707021	-0.0518086552619934
GSM707022	-0.0406823679804802
GSM707023	0.209477648139
GSM723021	0.388333857059479
GSM723022	0.25252890586853
GSM723023	0.429012924432755
GSM723024	0.420923203229904
GSM723025	0.351427048444748
GSM751270	-0.0676533430814743
GSM751271	-0.0493357852101326
GSM751272	-0.066058911383152
GSM751273	-0.0564233958721161
GSM751274	-0.0394126325845718
GSM751275	-0.0951938927173615
GSM751276	-0.0846839621663094
GSM751277	-0.0836246237158775
GSM751278	-0.135051146149635
GSM751279	-0.0914043709635735
GSM751280	-0.0719258636236191
GSM751281	-0.0671934932470322
GSM751282	-0.0611477233469486
GSM751283	-0.153576821088791
GSM751284	-0.134976223111153
GSM751285	-0.0347152762115002
GSM751286	-0.0428872965276241
GSM751287	-0.0821768343448639
GSM751288	-0.0866184085607529
GSM752962	0.0955810844898224
GSM752963	0.105882793664932
GSM752964	0.258355557918549
GSM752965	0.236509546637535
GSM752966	0.368123084306717
GSM752967	0.16973052918911
GSM752968	0.412272840738297
GSM752969	0.179046556353569
GSM752970	0.330390870571136
GSM752971	0.188792929053307
GSM752972	0.384832590818405
GSM752974	-0.100860789418221
GSM752975	-0.101497456431389
GSM752976	0.162040635943413
GSM752977	0.428975522518158
GSM752978	0.184434399008751
GSM752979	-0.0861496478319168
GSM752980	-0.0774445459246635
GSM752981	0.384620368480682
GSM752982	0.0568738915026188
GSM752983	0.445970922708511
GSM752984	-0.101735323667526
GSM752985	0.05065006762743
GSM752986	-0.0445917472243309
GSM752987	0.0728856474161148
GSM752988	-0.118541210889816
GSM752989	0.314688801765442
GSM752990	0.198937073349953
GSM752991	0.180034652352333
GSM752992	0.0138019137084484
GSM752993	0.332002103328705
GSM753425	0.200520947575569
GSM753426	0.280729532241821
GSM753427	0.0378736108541489
GSM753428	-0.019914735108614
GSM753429	0.00567055074498057
GSM753430	-0.0533140487968922
GSM753431	0.115411140024662
GSM753432	0.00801447127014399
GSM753433	-0.14508943259716
GSM753434	-0.0147102698683739
GSM753435	-0.00298704439774156
GSM753436	-0.094985619187355
GSM753437	0.0113587258383632
GSM753438	0.250263661146164
GSM753439	0.0896527692675591
GSM753440	0.212075427174568
GSM753441	-0.010879036039114
GSM753442	-0.0794238746166229
GSM753445	0.11958147585392
GSM753446	0.611919105052948
GSM753447	0.607719302177429
GSM753448	0.483521431684494
GSM753449	0.499040484428406
GSM753973	0.0619436539709568
GSM753974	0.107459910213947
GSM767341	0.373458862304688
GSM767342	0.188174441456795
GSM767343	0.253221362829208
GSM767344	0.342670649290085
GSM767345	0.247227415442467
GSM767346	-0.153763756155968
GSM767347	-0.159126296639442
GSM767348	-0.11054739356041
GSM767349	-0.0686013624072075
GSM767350	0.106533274054527
GSM767351	0.183126106858253
GSM767352	0.10238441824913
GSM767353	0.393667817115784
GSM767354	0.29888841509819
GSM767355	0.420211911201477
GSM767356	0.484317481517792
GSM772732	0.228492110967636
GSM772733	0.567434906959534
GSM772734	-0.0365162640810013
GSM772735	0.550810873508453
GSM772736	0.406693369150162
GSM772737	0.544423460960388
GSM772738	0.451541543006897
GSM772739	0.596169531345367
GSM772740	0.576766848564148
GSM772741	0.389003872871399
GSM772742	0.504950344562531
GSM772743	0.474871098995209
GSM772744	0.345163911581039
GSM772745	0.409280687570572
GSM772746	0.559877634048462
GSM772747	0.49859356880188
GSM772748	0.119140096008778
GSM772749	0.489559978246689
GSM772750	0.406284689903259
GSM772751	0.344514101743698
GSM772752	0.17218591272831
GSM772753	0.58203136920929
GSM772754	0.633386969566345
GSM772755	0.56574147939682
GSM772756	0.470321774482727
GSM772757	0.010881258174777
GSM772758	0.635177612304688
GSM772759	0.486181974411011
GSM772760	0.416842222213745
GSM772761	0.561502814292908
GSM772762	0.163075998425484
GSM772763	0.36771684885025
GSM772764	0.524495303630829
GSM772765	0.59090131521225
GSM772766	0.261303454637527
GSM772767	0.449692904949188
GSM772768	0.399172186851501
GSM772769	0.507210969924927
GSM772770	0.421300679445267
GSM772771	0.408088654279709
GSM772772	0.409342080354691
GSM772773	0.298154413700104
GSM772774	0.301072627305984
GSM772775	0.516521513462067
GSM772776	0.450063616037369
GSM772778	0.389675974845886
GSM772779	0.561102688312531
GSM772780	0.234496548771858
GSM772781	0.577083945274353
GSM772785	0.311363279819489
GSM772786	0.327847570180893
GSM772787	0.190296560525894
GSM772788	0.351966291666031
GSM772789	0.410309940576553
GSM772790	0.086582712829113
GSM772791	0.552430033683777
GSM772792	0.515700280666351
GSM772793	0.494820654392242
GSM772794	0.566411793231964
GSM772795	0.237753376364708
GSM772796	0.541338086128235
GSM772797	0.45175364613533
GSM772798	0.372045934200287
GSM772799	0.386035799980164
GSM772800	0.440778285264969
GSM772801	0.464180380105972
GSM772802	0.470551878213882
GSM772803	0.126154333353043
GSM772804	0.474266827106476
GSM772805	0.578656017780304
GSM772807	0.529887557029724
GSM772808	0.370033144950867
GSM772810	0.47955596446991
GSM772811	0.572894036769867
GSM772812	0.204696908593178
GSM772813	0.457306176424026
GSM772814	0.118401758372784
GSM772816	0.19054326415062
GSM772817	0.437174052000046
GSM772818	0.207617059350014
GSM772819	0.194720596075058
GSM772820	0.228925883769989
GSM772821	0.172577708959579
GSM772822	0.235331684350967
GSM772823	0.538868725299835
GSM772825	0.272921204566956
GSM772826	0.551943361759186
GSM772827	0.403938502073288
GSM772828	0.213755771517754
GSM772829	0.317537397146225
GSM772830	0.229956269264221
GSM772831	0.529094278812408
GSM772832	0.138806968927383
GSM772833	0.371787279844284
GSM772834	0.484234780073166
GSM772835	0.455938547849655
GSM772836	0.654424846172333
GSM772837	0.537282884120941
GSM772838	0.458853036165237
GSM772839	0.582775235176086
GSM772840	0.511178731918335
GSM772841	0.561945676803589
GSM772842	0.443361878395081
GSM772843	0.497469037771225
GSM772844	0.318825453519821
GSM772845	0.375583648681641
GSM772846	0.435874402523041
GSM772847	0.123476147651672
GSM772848	0.493133991956711
GSM772849	0.0806934237480164
GSM772850	0.561089813709259
GSM772851	0.282551854848862
GSM772852	0.414129823446274
GSM772853	0.401899069547653
GSM772854	0.519868016242981
GSM772855	0.475459069013596
GSM772856	0.370021432638168
GSM772857	0.653127133846283
GSM772858	0.536938846111298
GSM772859	0.189215481281281
GSM772860	0.419317722320557
GSM772861	0.437277555465698
GSM772862	0.635018765926361
GSM772863	0.538471162319183
GSM772864	0.56510865688324
GSM772865	0.0204799566417933
GSM772866	0.267532050609589
GSM772867	0.366913467645645
GSM772868	0.350609749555588
GSM772869	0.359666138887405
GSM772870	0.0357108637690544
GSM772871	0.437641799449921
GSM772872	0.454243153333664
GSM772873	0.28300416469574
GSM772874	0.592167675495148
GSM772875	0.632732808589935
GSM772876	0.597845792770386
GSM772877	0.540816426277161
GSM772878	0.368867874145508
GSM772879	0.672912240028381
GSM772880	0.425384014844894
GSM772881	0.637230217456818
GSM772882	0.625037670135498
GSM772883	0.539110124111176
GSM772884	0.149494856595993
GSM772885	0.291396170854568
GSM772886	0.352101683616638
GSM772887	0.489220947027206
GSM772888	0.535248816013336
GSM772889	0.622784912586212
GSM772890	0.583658337593079
GSM772891	0.388542979955673
GSM772892	0.488611906766891
GSM772893	0.574694156646729
GSM772894	0.465183854103088
GSM772895	0.452532112598419
GSM772896	0.582099258899689
GSM772897	0.571810662746429
GSM772898	0.231773838400841
GSM772899	0.28237584233284
GSM772900	0.433346778154373
GSM772901	0.458956092596054
GSM772902	0.306758254766464
GSM772903	0.684621155261993
GSM772904	0.642945289611816
GSM772905	0.165635094046593
GSM772906	0.461057722568512
GSM772907	0.234706118702888
GSM772908	0.506254732608795
GSM772909	0.637982606887817
GSM772910	0.649205088615417
GSM772911	0.289081394672394
GSM772912	0.24760240316391
GSM772913	0.607930421829224
GSM772914	0.623722016811371
GSM772915	0.613040804862976
GSM772916	0.64333438873291
GSM772917	0.673002183437347
GSM772918	0.568867683410645
GSM772919	0.460147380828857
GSM772920	0.477833122014999
GSM772921	0.551152765750885
GSM772922	0.588322460651398
GSM772923	0.309763580560684
GSM772924	0.390189558267593
GSM772925	0.596642076969147
GSM772926	0.589685797691345
GSM772927	0.660652935504913
GSM772928	0.273618280887604
GSM772929	0.625002026557922
GSM772930	0.637309730052948
GSM772931	0.511878550052643
GSM772932	0.451536476612091
GSM772933	0.503533959388733
GSM772934	0.248219609260559
GSM772935	0.215152814984322
GSM772936	0.490402668714523
GSM772937	0.387898832559586
GSM772938	0.378483831882477
GSM772939	0.593115329742432
GSM772940	0.57144570350647
GSM772941	0.334656119346619
GSM772942	0.491883039474487
GSM772943	0.608323097229004
GSM772944	0.257019281387329
GSM772945	0.279333144426346
GSM772946	0.269739657640457
GSM772947	0.509215235710144
GSM772948	0.583625972270966
GSM772949	0.525883495807648
GSM772950	0.577246725559235
GSM772951	0.137613281607628
GSM772952	0.629276394844055
GSM772953	0.610700666904449
GSM772954	0.622390508651733
GSM772955	0.397913962602615
GSM772956	0.515293002128601
GSM772957	0.5057652592659
GSM772958	0.649741291999817
GSM772959	0.4099460542202
GSM772960	0.518853664398193
GSM772961	0.29626926779747
GSM772962	0.289668768644333
GSM772963	0.0695619359612465
GSM772964	0.536018967628479
GSM772966	0.660800755023956
GSM772967	0.621731460094452
GSM772968	0.577099919319153
GSM772969	0.354891628026962
GSM772970	0.510794162750244
GSM772971	0.414064437150955
GSM772972	0.395681858062744
GSM772973	0.311264246702194
GSM772974	0.498519420623779
GSM772975	0.348089724779129
GSM772976	0.51473343372345
GSM772977	0.304087072610855
GSM772978	0.418940991163254
GSM772979	0.655070960521698
GSM772980	0.482063084840775
GSM772981	0.472061395645142
GSM772982	0.281127452850342
GSM772983	0.387120872735977
GSM772984	0.55290287733078
GSM772985	0.323070704936981
GSM772986	0.515878617763519
GSM772987	0.238348841667175
GSM772988	0.524740874767303
GSM772989	0.463648408651352
GSM772990	0.56179541349411
GSM772991	0.578531742095947
GSM772992	0.253566533327103
GSM772993	0.394079327583313
GSM772994	0.524608135223389
GSM772995	0.190340355038643
GSM772996	0.367854446172714
GSM772997	0.565142929553986
GSM772998	0.390174746513367
GSM772999	0.447910577058792
GSM773000	0.40427953004837
GSM773001	0.375399053096771
GSM773002	0.461266487836838
GSM773003	0.571868300437927
GSM773004	0.00770530756562948
GSM773005	0.457775294780731
GSM773006	0.44526207447052
GSM773007	0.345242381095886
GSM773008	0.456820845603943
GSM773009	0.390622913837433
GSM773010	0.533219814300537
GSM773011	0.271416634321213
GSM773012	0.315697938203812
GSM773013	0.191529497504234
GSM773014	0.29105818271637
GSM773015	0.222929149866104
GSM773016	0.26093253493309
GSM773017	0.557769954204559
GSM773018	0.145240589976311
GSM773019	0.52533346414566
GSM773020	-0.000974427908658981
GSM773021	0.117978975176811
GSM773022	0.386934340000153
GSM773023	0.444680064916611
GSM773024	0.451485753059387
GSM773025	0.61589115858078
GSM773026	0.623558521270752
GSM773027	0.444158583879471
GSM773028	0.427824378013611
GSM773029	0.339082777500153
GSM773030	0.491365402936935
GSM773031	0.667975664138794
GSM773032	0.380182206630707
GSM773033	0.561021685600281
GSM773034	0.627772212028503
GSM773035	0.511278927326202
GSM773038	0.304889649152756
GSM773041	0.201339155435562
GSM773042	0.0599148571491241
GSM773043	0.132781967520714
GSM773044	0.538091480731964
GSM773045	0.6305171251297
GSM773046	-0.0974117144942284
GSM773047	0.288948714733124
GSM773048	0.581647336483002
GSM773049	0.470433086156845
GSM774201	0.468856513500214
GSM774202	0.0914395079016685
GSM774203	0.012974907644093
GSM774204	0.00801089685410261
GSM774205	-0.00718184281140566
GSM774206	0.112809710204601
GSM774207	0.14564374089241
GSM774208	-0.0711264535784721
GSM774209	0.0898616090416908
GSM774210	0.0591002143919468
GSM774211	0.17628501355648
GSM774212	0.0422087423503399
GSM774213	-0.00913393218070269
GSM774214	0.334876388311386
GSM774215	0.123520784080029
GSM774216	0.228333979845047
GSM774217	0.27898183465004
GSM774218	0.171765401959419
GSM774219	-0.0204448122531176
GSM774220	-0.0111854467540979
GSM774221	0.0207675471901894
GSM774222	-0.0129820220172405
GSM774223	0.097927026450634
GSM774224	0.144556045532227
GSM774225	0.199595421552658
GSM774226	0.0282912366092205
GSM774227	0.20656344294548
GSM774228	0.0622583478689194
GSM774229	0.0109926359727979
GSM774230	0.170490115880966
GSM774231	0.122381508350372
GSM774232	0.0951813980937004
GSM774233	0.0259903986006975
GSM774234	0.201000273227692
GSM774235	0.1808150857687
GSM774236	-0.016576211899519
GSM774237	0.111713692545891
GSM774238	0.074540339410305
GSM774239	0.211735486984253
GSM774240	-0.0117357550188899
GSM774241	-0.0407838113605976
GSM774242	-0.0426677092909813
GSM774243	0.0494027957320213
GSM774244	0.210254982113838
GSM789280	0.397316753864288
GSM789281	0.334119975566864
GSM789284	0.0886711105704308
GSM806934	0.394366294145584
GSM806935	0.418881446123123
GSM806936	0.530106544494629
GSM806937	0.428337186574936
GSM806938	0.357204347848892
GSM806939	0.328636974096298
GSM806940	0.0876122787594795
GSM806941	0.321789443492889
GSM806942	0.454621493816376
GSM806943	0.219411730766296
GSM806944	0.46176877617836
GSM806945	0.258020997047424
GSM806946	0.199397817254066
GSM806947	0.657843768596649
GSM806948	0.609174728393555
GSM807391	0.574862658977509
GSM807392	0.22956582903862
GSM807393	0.159748807549477
GSM807394	0.157446905970573
GSM807395	0.14565072953701
GSM807396	-0.0781157165765762
GSM807398	0.124135352671146
GSM807399	0.0242205448448658
GSM807401	0.0470488630235195
GSM807402	0.150332301855087
GSM807403	0.21980208158493
GSM817158	0.524653315544128
GSM817159	0.151428803801537
GSM817160	0.00725804455578327
GSM817161	0.0279094520956278
GSM817162	0.160096451640129
GSM817163	0.0703722313046455
GSM817164	0.109590351581573
GSM817165	0.235830947756767
GSM817166	-0.0543101131916046
GSM817167	0.216204956173897
GSM817168	0.185057371854782
GSM817169	-0.0605741068720818
GSM817170	-0.0893511921167374
GSM817171	0.191878482699394
GSM817172	0.130257785320282
GSM817173	0.0260418131947517
GSM817174	0.299627542495728
GSM817175	0.193904146552086
GSM817176	0.316916793584824
GSM817177	0.202423140406609
GSM817178	0.251932919025421
GSM817179	0.246934920549393
GSM817180	0.25614732503891
GSM817181	0.207953676581383
GSM817182	0.182794153690338
GSM817183	0.178505420684814
GSM817184	0.2642442882061
GSM817185	0.289813429117203
GSM817186	0.277781963348389
GSM817187	0.372755199670792
GSM817188	0.303914308547974
GSM817189	0.311794936656952
GSM817190	0.279563635587692
GSM817191	0.150432050228119
GSM817192	0.218641623854637
GSM817193	0.131371423602104
GSM817194	0.184998169541359
GSM817195	0.248955577611923
GSM817196	0.207180574536324
GSM817197	0.205741539597511
GSM817198	0.230571717023849
GSM817199	0.206108972430229
GSM817200	0.205661624670029
GSM817201	0.209689393639565
GSM817202	0.182201251387596
GSM817203	0.153017520904541
GSM817204	0.122903771698475
GSM817205	0.170847252011299
GSM817206	0.252914220094681
GSM817207	0.267720699310303
GSM817208	0.162329658865929
GSM817209	0.12845154106617
GSM817210	0.0951972603797913
GSM817211	0.128502488136292
GSM817212	0.213291764259338
GSM817213	0.132673785090446
GSM817214	0.173292726278305
GSM817215	0.182495430111885
GSM817216	0.156478732824326
GSM817217	0.11848633736372
GSM817218	0.123349882662296
GSM817219	0.00109791243448853
GSM817220	0.0905921310186386
GSM817225	-0.128959476947784
GSM817226	0.133298367261887
GSM817227	0.186937481164932
GSM817228	0.438258171081543
GSM817229	0.0634882152080536
GSM817230	0.237709745764732
GSM817231	0.460775554180145
GSM817232	0.413700878620148
GSM817233	0.436795562505722
GSM817234	0.230561688542366
GSM817235	-0.0169261191040277
GSM817236	0.363920599222183
GSM817237	0.203054696321487
GSM817238	0.259462237358093
GSM817239	0.511223614215851
GSM817240	0.356207102537155
GSM817241	0.275247037410736
GSM817242	-0.210368737578392
GSM817243	0.693461358547211
GSM817244	0.583066344261169
GSM817245	0.587558627128601
GSM817246	0.641969442367554
GSM817247	0.636049151420593
GSM817248	0.0251066815108061
GSM817249	0.108170874416828
GSM817250	-0.0576900616288185
GSM817251	-0.128351375460625
GSM817252	-0.0920876786112785
GSM817253	-0.0803991183638573
GSM818007	-0.0934096723794937
GSM818008	-0.123665615916252
GSM818009	-0.0781892240047455
GSM818010	0.0123241832479835
GSM818011	0.0873503535985947
GSM818012	-0.158648759126663
GSM818013	-0.16153846681118
GSM818014	-0.0829023420810699
GSM818015	-0.117862246930599
GSM818016	-0.0636189579963684
GSM818017	-0.0431464351713657
GSM818018	0.0857910588383675
GSM818019	0.154236525297165
GSM818020	-0.1283198595047
GSM818021	-0.137162268161774
GSM818022	-0.0346448011696339
GSM818023	-0.131360545754433
GSM818024	-0.138135597109795
GSM818025	0.0483124665915966
GSM818026	0.0968206003308296
GSM818027	0.124392949044704
GSM818028	-0.0206812359392643
GSM818029	-0.161094695329666
GSM818030	-0.152677685022354
GSM818031	0.0268896482884884
GSM818033	-0.00175869953818619
GSM818034	0.0798810869455338
GSM818035	-0.061727412045002
GSM818036	-0.113010264933109
GSM818037	-0.0686600282788277
GSM818038	-0.101396784186363
GSM818039	0.0757937729358673
GSM818040	-0.0179831720888615
GSM818041	-0.00952593702822924
GSM818042	-0.0584579780697823
GSM818043	0.0121402116492391
GSM818044	-0.0475088953971863
GSM818045	-0.0796942114830017
GSM818046	-0.163703605532646
GSM818047	0.0247654300183058
GSM818048	0.0226180329918861
GSM818049	0.0149158341810107
GSM818050	-0.00510099111124873
GSM818051	-0.0617400594055653
GSM818052	-0.207896888256073
GSM818053	-0.188957586884499
GSM818054	-0.180967003107071
GSM818055	0.00171170278917998
GSM818056	-0.01397012360394
GSM818057	-0.0861374214291573
GSM818058	-0.139800488948822
GSM818059	-0.141546607017517
GSM818060	-0.151876091957092
GSM818061	-0.162253513932228
GSM818062	-0.140088200569153
GSM818063	0.201101318001747
GSM832837	0.00266490993089974
GSM832838	0.0968070328235626
GSM832839	0.0832540690898895
GSM864034	-0.107765033841133
GSM864035	-0.0996485725045204
GSM864036	-0.173042669892311
GSM864037	0.0748337879776955
GSM864799	-0.0589370504021645
GSM864800	-0.0494336672127247
GSM864801	-0.138345986604691
GSM864802	-0.094388984143734
GSM864803	-0.0311639960855246
GSM878610	0.152932018041611
GSM878611	0.190478771924973
GSM878612	0.277724742889404
GSM878613	0.13933889567852
GSM878614	0.316194176673889
GSM878615	0.109755158424377
GSM878616	0.220850825309753
GSM878617	0.229773923754692
GSM878618	0.220569238066673
GSM878619	0.259439170360565
GSM878620	0.2830511033535
GSM878621	0.268744379281998
GSM878622	0.372393399477005
GSM878623	0.173380449414253
GSM878624	0.309729635715485
GSM878625	0.17950151860714
GSM878626	0.174428582191467
GSM878627	0.207795768976212
GSM878628	0.223629087209702
GSM878629	-0.0205458998680115
GSM878630	0.136342734098434
GSM878631	0.125465974211693
GSM878632	0.179775312542915
GSM878633	0.0926795527338982
GSM878634	0.103373251855373
GSM878635	0.104536011815071
GSM878636	0.18488422036171
GSM878637	0.129250153899193
GSM878638	0.269647240638733
GSM878639	0.283996939659119
GSM878640	0.134123578667641
GSM878641	0.151203572750092
GSM878642	0.159410402178764
GSM878643	0.108533881604671
GSM878644	0.233330875635147
GSM878645	0.103308998048306
GSM878646	0.14693658053875
GSM878647	0.141024932265282
GSM878648	0.236249253153801
GSM878649	0.216442212462425
GSM878650	0.204700261354446
GSM878651	0.154061302542686
GSM878652	0.211771219968796
GSM878653	0.0126753207296133
GSM878654	0.242856353521347
GSM878655	0.163000330328941
GSM878656	0.221154510974884
GSM878657	0.114327490329742
GSM878658	0.408154994249344
GSM878659	-0.0289028026163578
GSM878660	0.149689719080925
GSM878661	0.189063623547554
GSM878662	0.233320012688637
GSM878663	0.373053044080734
GSM878664	0.291601419448853
GSM878665	0.177133366465569
GSM878666	0.271003812551498
GSM878667	0.150179341435432
GSM896161	-0.218889594078064
GSM896162	0.210785999894142
GSM896163	-0.0546563044190407
GSM896164	-0.104319617152214
GSM896165	0.248033329844475
GSM896166	-0.175279974937439
GSM896167	0.0937690809369087
GSM906379	0.274461388587952
GSM906380	0.347572714090347
GSM906381	0.297584652900696
GSM906382	0.401040732860565
GSM906387	-0.144465923309326
GSM906388	-0.131364047527313
GSM906389	-0.202723950147629
GSM906390	-0.14378622174263
GSM906391	-0.151647537946701
GSM906392	-0.147422417998314
GSM906393	-0.0645319744944572
GSM906394	-0.0241714026778936
GSM906395	-0.168669506907463
GSM906396	-0.206277936697006
GSM906397	-0.0223536640405655
GSM906398	-0.0983507186174393
GSM906399	0.0727759227156639
GSM906400	0.156219765543938
GSM906401	-0.22104611992836
GSM906402	0.0374218299984932
GSM906403	-0.171318918466568
GSM906404	0.0351525545120239
GSM906405	-0.227731257677078
GSM906406	0.0522080175578594
GSM906407	0.00980319548398256
GSM906408	-0.266009867191315
GSM906409	0.185494154691696
GSM906410	-0.106144808232784
GSM906411	-0.197277620434761
GSM906412	-0.0608431100845337
GSM906413	-0.10819773375988
GSM906414	-0.0568680725991726
GSM906415	0.112051412463188
GSM906416	0.173189461231232
GSM906417	0.0331928692758083
GSM906418	-0.0226785931736231
GSM906419	0.254715383052826
GSM906420	-0.0228500198572874
GSM906421	0.12480640411377
GSM906422	0.198048651218414
GSM906423	0.397853761911392
GSM908937	-0.191186293959618
GSM908938	0.0724751949310303
GSM908939	-0.0541140921413898
GSM908940	0.0260724574327469
GSM908941	-0.0802255347371101
GSM908942	-0.0303940214216709
GSM908943	-0.0997397899627686
GSM908944	-0.134045824408531
GSM908945	-0.139761924743652
GSM908946	-0.0682612285017967
GSM908947	0.256035566329956
GSM908948	0.0920725911855698
GSM908949	-0.157952100038528
GSM908950	-0.16203860938549
GSM908951	-0.0452552177011967
GSM908952	0.102806210517883
GSM908953	-0.163143336772919
GSM908954	-0.0859214514493942
GSM908955	-0.127701595425606
GSM908956	0.0997107923030853
GSM908957	-0.135782048106194
GSM908958	-0.0411638282239437
GSM908959	-0.18783837556839
GSM908960	-0.0165327414870262
GSM908961	-0.190404757857323
GSM908962	-0.0496482029557228
GSM908963	-0.221092626452446
GSM908964	-0.0985988080501556
GSM908965	-0.178164213895798
GSM908966	-0.21340075135231
GSM908967	-0.171762362122536
GSM908968	0.247083559632301
GSM909310	-0.104654960334301
GSM909311	0.199476689100266
GSM909312	0.141114324331284
GSM909313	0.472751498222351
GSM909314	0.508887708187103
GSM910555	0.000495095737278461
GSM910556	-0.18681812286377
GSM910557	-0.0243038944900036
GSM910559	-0.178782373666763
GSM910560	-0.0650525316596031
GSM910561	0.0268406849354506
GSM910562	-0.0625860169529915
GSM910563	0.0610990226268768
GSM910564	-0.135589271783829
GSM910565	-0.0958046838641167
GSM910566	-0.0822611972689629
GSM910567	-0.139770165085793
GSM910568	-0.139255151152611
GSM910569	-0.124960996210575
GSM910570	-0.0688262730836868
GSM910571	-0.154513418674469
GSM910572	-0.219721660017967
GSM910573	-0.163811966776848
GSM910574	-0.0734792426228523
GSM910575	-0.207033023238182
GSM910576	-0.135588422417641
GSM910577	-0.113873437047005
GSM910578	-0.126947239041328
GSM910579	-0.0881334543228149
GSM910580	-0.0904975384473801
GSM910581	-0.128924667835236
GSM910582	-0.113836154341698
GSM910583	-0.121802620589733
GSM910584	-0.14212355017662
GSM910585	0.0178087018430233
GSM910586	-0.140343055129051
GSM910587	0.403932362794876
GSM910588	-0.0918450951576233
GSM915320	-0.144689053297043
GSM915321	-0.142793983221054
GSM915322	-0.142281904816628
GSM915323	-0.141977682709694
GSM915324	-0.132254764437675
GSM915325	-0.130391389131546
GSM915326	-0.147555485367775
GSM915327	-0.141287907958031
GSM915328	-0.130088716745377
GSM915329	-0.136346518993378
GSM915330	-0.0899775922298431
GSM915331	-0.0240806341171265
GSM915332	0.00178698555100709
GSM915333	0.0372362434864044
GSM915335	-0.146330788731575
GSM915336	-0.0697754323482513
GSM915337	0.262774288654327
GSM915338	0.18750873208046
GSM916014	0.288805574178696
GSM916015	0.0919361487030983
GSM916016	0.326436996459961
GSM916017	0.168319627642632
GSM916018	0.141726419329643
GSM916019	0.328824996948242
GSM916020	0.149765357375145
GSM916021	0.601463854312897
GSM916022	0.604937136173248
GSM916023	0.562976658344269
GSM916024	0.499253332614899
GSM916025	0.648157596588135
GSM916026	0.308033764362335
GSM916027	0.573552966117859
GSM916028	0.343743711709976
GSM916029	0.376416146755219
GSM916030	0.548103868961334
GSM916031	0.201906278729439
GSM916032	0.0306411553174257
GSM916033	0.110321961343288
GSM916034	0.572208344936371
GSM916035	0.15620394051075
GSM916036	0.0738309994339943
GSM916037	0.579298079013824
GSM916038	0.408995985984802
GSM916039	0.223089277744293
GSM916040	0.463904112577438
GSM916041	0.327248454093933
GSM916042	0.258952349424362
GSM916043	0.283608853816986
GSM916044	0.140693232417107
GSM916045	0.392171531915665
GSM916046	0.180147111415863
GSM916047	0.494973957538605
GSM916048	0.47762542963028
GSM916053	-0.134759217500687
GSM916054	0.465867131948471
GSM916055	0.411993503570557
GSM916057	0.487524092197418
GSM916058	0.155593857169151
GSM916059	0.262067914009094
GSM916060	0.505701005458832
GSM916061	0.160906225442886
GSM916062	0.0439158715307713
GSM916063	-0.0659088343381882
GSM916064	0.120566636323929
GSM916065	0.320086807012558
GSM916066	0.198593378067017
GSM916067	0.101146623492241
GSM916068	-0.0808583498001099
GSM916069	-0.0771301537752151
GSM916070	0.0680070817470551
GSM916071	0.652498424053192
GSM916072	-0.0437877997756004
GSM916073	0.192670375108719
GSM916093	-0.122528664767742
GSM916094	-0.0620280653238297
GSM941713	0.268589556217194
GSM941714	0.0437869913876057
GSM941715	0.456629186868668
GSM941716	0.345800071954727
GSM941717	0.292824029922485
GSM941718	0.0147792715579271
GSM941719	-0.058907188475132
GSM941720	0.175036713480949
GSM941721	0.264380753040314
GSM941722	-0.202667057514191
GSM941723	-0.211698532104492
GSM941724	-0.19654056429863
GSM941725	0.00833556056022644
GSM941726	-0.0296528227627277
GSM941727	0.00673588179051876
GSM941728	0.183840960264206
GSM941729	0.161221653223038
GSM941730	0.226984202861786
GSM941731	-0.0581847950816154
GSM941733	0.432522296905518
GSM941734	0.161139234900475
GSM941735	-0.0998332649469376
GSM941736	0.0815815851092339
GSM941737	0.169166371226311
GSM941738	0.30212190747261
GSM941739	-0.05858538672328
GSM941740	0.632368266582489
GSM941741	0.65168958902359
GSM941742	0.451593846082687
GSM941743	-0.0709364488720894
GSM941744	-0.0706375762820244
GSM941745	-0.146459966897964
GSM941748	0.119627796113491
GSM941749	-0.0616770312190056
GSM941750	-0.126803770661354
GSM941751	-0.0465346984565258
GSM941752	-0.041370689868927
GSM941753	0.478184819221497
GSM955997	0.11938837915659
GSM955998	-0.00602571107447147
GSM955999	-0.0737558603286743
GSM956000	0.141640722751617
GSM956001	-0.095039963722229
GSM956002	0.23528690636158
GSM956003	0.283613681793213
GSM956004	-0.100422702729702
GSM956005	-0.0828385055065155
GSM956006	-0.0199518986046314
GSM956007	-0.0523472651839256
GSM956008	-0.0372711941599846
GSM956009	-0.107085905969143
GSM956010	-0.0111509496346116
GSM956012	-0.123540297150612
GSM956013	-0.0693726986646652
GSM956014	-0.106512188911438
GSM956015	-0.14087301492691
GSM956016	-0.069502092897892
GSM956017	-0.0538801550865173
GSM956018	-0.0767844989895821
GSM956019	0.0043240413069725
GSM956020	0.118968494236469
GSM956021	-0.133774146437645
GSM956022	-0.0753549709916115
GSM956023	-0.0377414785325527
GSM956024	0.0359319671988487
GSM956027	0.101055607199669
GSM956028	0.0245398189872503
GSM956029	0.176375076174736
GSM956030	0.480563879013062
GSM956031	0.562507927417755
GSM956032	0.344985127449036
GSM958149	0.135371133685112
GSM958150	0.318947792053223
GSM958151	0.1111666187644
GSM958152	0.207235023379326
GSM958153	0.448666423559189
GSM958154	0.221400767564774
GSM958155	-0.100061401724815
GSM958156	0.381658971309662
GSM958157	0.157292708754539
GSM958158	0.0699894055724144
GSM958159	0.0770380422472954
GSM958160	0.0580428838729858
GSM958161	0.197464630007744
GSM958162	0.360273599624634
GSM958163	0.209842428565025
GSM958164	0.145276337862015
GSM958165	0.336509019136429
GSM958166	0.389489084482193
GSM958167	0.490390747785568
GSM958168	0.518887579441071
GSM958169	-0.199431702494621
GSM958170	-0.2116938829422
GSM958171	-0.201086580753326
GSM958172	-0.0680312737822533
GSM958173	-0.0601921826601028
GSM958174	-0.0552692785859108
GSM958175	-0.0557755827903748
GSM958176	-0.0616711378097534
GSM958177	-0.11492570489645
GSM958178	-0.0899400040507317
GSM958179	-0.061346273869276
GSM958180	-0.110190764069557
GSM958181	-0.10047835111618
GSM958182	-0.116594105958939
GSM959044	0.443553596735001
GSM959124	0.553199350833893
GSM959125	0.626285314559937
GSM959126	0.159783348441124
GSM997220	-0.138219878077507
GSM997221	0.267548888921738
GSM997222	0.184622019529343
GSM997223	0.63451486825943
GSM997224	0.323887169361115
GSM997225	0.126041367650032
GSM997226	0.299622505903244
GSM997227	0.246770083904266
GSM997228	0.648981153964996
GSM997229	0.0759233683347702
GSM997230	-0.0496586747467518
GSM997231	0.170947819948196
GSM997232	0.186163634061813
GSM997233	-0.00180670933332294
GSM997234	0.568238854408264
GSM997235	-0.0592146776616573
GSM997236	-0.147537067532539
GSM997237	-0.0769014731049538
GSM997238	0.0306939259171486
GSM997239	0.423096925020218
GSM997240	0.0823074206709862
GSM997241	0.0969352722167969
GSM997242	0.607523262500763
GSM997243	-0.0289159677922726
GSM997244	0.588076889514923
GSM997245	-0.0188488848507404
GSM997246	0.143938615918159
GSM997247	-0.0523553416132927
GSM997248	0.578816950321198
GSM997249	0.438840866088867
GSM997250	0.34486111998558
GSM997251	0.373061567544937
GSM997252	0.660372853279114
GSM997253	0.153843238949776
GSM997254	0.0894218757748604
GSM997255	0.224261403083801
GSM997256	0.278686046600342
GSM997257	0.491967141628265
GSM997258	0.230761766433716
GSM997259	0.411828398704529
GSM997260	0.091532364487648
GSM997261	0.0372728444635868
GSM997262	-0.0402491688728333
GSM997263	0.577340602874756
GSM997264	0.144761338829994
GSM997265	0.56369936466217
GSM997266	0.00208604126237333
GSM997267	0.191156700253487
GSM997268	0.0822650119662285
GSM997269	0.596903502941132
GSM997270	0.639299869537354
GSM997271	0.0287930276244879
GSM997272	0.643599212169647
GSM997273	0.129165157675743
GSM997274	0.0266834087669849
GSM997275	0.499504834413528
GSM997276	0.220351934432983
GSM997277	0.524218022823334
